{"gcc": {"mips": [[35.24499599666667, "f540f4f4d42e7601e10b9591dad05fe6ea637ecd"], [34.397971123333335, "08e0b5b91d3f98c41efff69cc614ea4b006395d8"], [37.04126953, "61e245848a6f7c45c2bbf92f00ccfe77d1fa94c2"], [37.225824376, "e2d63cf25a0b831fe039ef007f8d8e7e519db42e"], [36.218313896, "747f588820b928fac8fd64ba0788197ed01f0f57"], [36.26716588, "dc4138bdc768caf594ac5e553c2d6f23c64b1d31"], [35.704893896, "71502e519b860a15c611be0e9bc754e94738b09a"]], "best_mips": 37.225824376, "best_hash": "e2d63cf25a0b831fe039ef007f8d8e7e519db42e", "regressed_hash": null}, "llvm": {"mips": [[35.58672442666666, "f540f4f4d42e7601e10b9591dad05fe6ea637ecd"], [37.59647322666667, "08e0b5b91d3f98c41efff69cc614ea4b006395d8"], [31.49303213, "61e245848a6f7c45c2bbf92f00ccfe77d1fa94c2"], [32.66216055, "e2d63cf25a0b831fe039ef007f8d8e7e519db42e"], [33.664674136, "747f588820b928fac8fd64ba0788197ed01f0f57"], [37.106879234, "dc4138bdc768caf594ac5e553c2d6f23c64b1d31"], [33.899768938, "71502e519b860a15c611be0e9bc754e94738b09a"]], "best_mips": 37.59647322666667, "best_hash": "08e0b5b91d3f98c41efff69cc614ea4b006395d8", "regressed_hash": null}, "tcc": {"mips": [[26.449370013333333, "f540f4f4d42e7601e10b9591dad05fe6ea637ecd"], [29.191520396666668, "08e0b5b91d3f98c41efff69cc614ea4b006395d8"], [27.099635646666666, "61e245848a6f7c45c2bbf92f00ccfe77d1fa94c2"], [26.655804832, "e2d63cf25a0b831fe039ef007f8d8e7e519db42e"], [26.616089406, "747f588820b928fac8fd64ba0788197ed01f0f57"], [29.06086957, "dc4138bdc768caf594ac5e553c2d6f23c64b1d31"], [26.686540302, "71502e519b860a15c611be0e9bc754e94738b09a"]], "best_mips": 29.191520396666668, "best_hash": "08e0b5b91d3f98c41efff69cc614ea4b006395d8", "regressed_hash": null}}