{"gcc": {"mips": [[35.73512, "cbbae8c2"], [36.77998, "192d3351"]], "best_mips": 36.77998, "best_hash": "192d3351", "regressed_hash": null}, "llvm": {"mips": [[18.443, "cbbae8c2"], [20.00486, "192d3351"]], "best_mips": 20.00486, "best_hash": "192d3351", "regressed_hash": null}, "tcc": {"mips": [[26.189519999999998, "cbbae8c2"], [25.24158, "192d3351"]], "best_mips": 26.189519999999998, "best_hash": "cbbae8c2", "regressed_hash": null}}