{"gcc": {"mips": [[35.73512, "cbbae8c2"], [36.77998, "192d3351"], [38.0931, "e8b94085"]], "best_mips": 38.0931, "best_hash": "e8b94085", "regressed_hash": null}, "llvm": {"mips": [[18.443, "cbbae8c2"], [20.00486, "192d3351"], [19.535819999999998, "e8b94085"]], "best_mips": 20.00486, "best_hash": "192d3351", "regressed_hash": null}, "tcc": {"mips": [[26.189519999999998, "cbbae8c2"], [25.24158, "192d3351"], [26.87324, "e8b94085"]], "best_mips": 26.87324, "best_hash": "e8b94085", "regressed_hash": null}}