{"gcc": {"mips": [[35.73512, "cbbae8c2"], [36.77998, "192d3351"], [38.0931, "e8b94085"], [34.46798, "e904776d"], [39.86716, "5a37c1f4"]], "best_mips": 39.86716, "best_hash": "5a37c1f4", "regressed_hash": null}, "llvm": {"mips": [[18.443, "cbbae8c2"], [20.00486, "192d3351"], [19.535819999999998, "e8b94085"], [20.36652, "e904776d"], [21.44232, "5a37c1f4"]], "best_mips": 21.44232, "best_hash": "5a37c1f4", "regressed_hash": null}, "tcc": {"mips": [[26.189519999999998, "cbbae8c2"], [25.24158, "192d3351"], [26.87324, "e8b94085"], [28.80694, "e904776d"], [26.21556, "5a37c1f4"]], "best_mips": 28.80694, "best_hash": "e904776d", "regressed_hash": null}}